Concepto;Cápita
NIT;(Todas)
;
Etiquetas de fila;Suma de Valor
2026;$ 5.495.060.648
ene;$ 536.439.200
HOSPITAL SAN JUAN DE DIOS E.S.E RIONEGRO - ANTIOQUIA;$ 536.439.200
feb;$ 558.609.162
HOSPITAL SAN JUAN DE DIOS E.S.E RIONEGRO - ANTIOQUIA;$ 558.609.162
mar;$ 775.321.207
HOSPITAL SAN JUAN DE DIOS E.S.E RIONEGRO - ANTIOQUIA;$ 775.321.207
abr;$ 565.100.198
HOSPITAL SAN JUAN DE DIOS E.S.E RIONEGRO - ANTIOQUIA;$ 565.100.198
may;$ 544.428.792
HOSPITAL SAN JUAN DE DIOS E.S.E RIONEGRO - ANTIOQUIA;$ 544.428.792
jun;$ 711.703.610
HOSPITAL SAN JUAN DE DIOS E.S.E RIONEGRO - ANTIOQUIA;$ 711.703.610
jul;$ 596.147.459
HOSPITAL SAN JUAN DE DIOS E.S.E RIONEGRO - ANTIOQUIA;$ 596.147.459
ago;$ 604.651.440
HOSPITAL SAN JUAN DE DIOS E.S.E RIONEGRO - ANTIOQUIA;$ 604.651.440
sep;$ 602.659.580
HOSPITAL SAN JUAN DE DIOS E.S.E RIONEGRO - ANTIOQUIA;$ 602.659.580
Total general;$ 5.495.060.648
