NIT|Entidad|Año|Mes_Num|Mes|Fecha|Concepto|Valor
901054048|IMEDI Especialistas en Imágenes Diagnosticas S.A.S.|2026|5|may|2026-05-01|Evento|57541621
901054048|IMEDI Especialistas en Imágenes Diagnosticas S.A.S.|2026|6|jun|2026-06-01|Evento|51786149
901054048|IMEDI Especialistas en Imágenes Diagnosticas S.A.S.|2026|7|jul|2026-07-01|Evento|46593227
901054048|IMEDI Especialistas en Imágenes Diagnosticas S.A.S.|2026|9|sep|2026-09-01|Evento|81203649
811042050|SERVIUCIS S.A.S.|2026|1|ene|2026-01-01|Evento|704366508
811042050|SERVIUCIS S.A.S.|2026|2|feb|2026-02-01|Evento|1000071684
811042050|SERVIUCIS S.A.S.|2026|3|mar|2026-03-01|Evento|703878080
811042050|SERVIUCIS S.A.S.|2026|4|abr|2026-04-01|Evento|550046992
811042050|SERVIUCIS S.A.S.|2026|5|may|2026-05-01|Evento|564131077
811042050|SERVIUCIS S.A.S.|2026|6|jun|2026-06-01|Evento|527823993
811042050|SERVIUCIS S.A.S.|2026|7|jul|2026-07-01|Evento|562198146
811042050|SERVIUCIS S.A.S.|2026|8|ago|2026-08-01|Evento|468307005
811042050|SERVIUCIS S.A.S.|2026|9|sep|2026-09-01|Evento|1080325441
900261353|FUNDACION HOSPITAL SAN VICENTE DE PAUL- RIONEGRO|2026|1|ene|2026-01-01|Evento|5109883983
900261353|FUNDACION HOSPITAL SAN VICENTE DE PAUL- RIONEGRO|2026|2|feb|2026-02-01|Evento|3864599649
900261353|FUNDACION HOSPITAL SAN VICENTE DE PAUL- RIONEGRO|2026|3|mar|2026-03-01|Evento|4160886087
900261353|FUNDACION HOSPITAL SAN VICENTE DE PAUL- RIONEGRO|2026|4|abr|2026-04-01|Evento|3759813406
900261353|FUNDACION HOSPITAL SAN VICENTE DE PAUL- RIONEGRO|2026|5|may|2026-05-01|Evento|3929478513
900261353|FUNDACION HOSPITAL SAN VICENTE DE PAUL- RIONEGRO|2026|6|jun|2026-06-01|Evento|4545068427
900261353|FUNDACION HOSPITAL SAN VICENTE DE PAUL- RIONEGRO|2026|7|jul|2026-07-01|Evento|4828465925
900261353|FUNDACION HOSPITAL SAN VICENTE DE PAUL- RIONEGRO|2026|8|ago|2026-08-01|Evento|4452956838
900261353|FUNDACION HOSPITAL SAN VICENTE DE PAUL- RIONEGRO|2026|9|sep|2026-09-01|Evento|4304733685
890939936|SOCIEDAD MÉDICA RIONEGRO S.A. SOMER S.A.|2026|1|ene|2026-01-01|Evento|2536644618
890939936|SOCIEDAD MÉDICA RIONEGRO S.A. SOMER S.A.|2026|2|feb|2026-02-01|Evento|2800250138
890939936|SOCIEDAD MÉDICA RIONEGRO S.A. SOMER S.A.|2026|3|mar|2026-03-01|Evento|2526354982
890939936|SOCIEDAD MÉDICA RIONEGRO S.A. SOMER S.A.|2026|4|abr|2026-04-01|Evento|2504648679
890939936|SOCIEDAD MÉDICA RIONEGRO S.A. SOMER S.A.|2026|5|may|2026-05-01|Evento|2645783690
890939936|SOCIEDAD MÉDICA RIONEGRO S.A. SOMER S.A.|2026|6|jun|2026-06-01|Evento|2272595653
890939936|SOCIEDAD MÉDICA RIONEGRO S.A. SOMER S.A.|2026|7|jul|2026-07-01|Evento|1959802625
890939936|SOCIEDAD MÉDICA RIONEGRO S.A. SOMER S.A.|2026|8|ago|2026-08-01|Evento|2883939901
890939936|SOCIEDAD MÉDICA RIONEGRO S.A. SOMER S.A.|2026|9|sep|2026-09-01|Evento|2679842771
890907254|HOSPITAL SAN JUAN DE DIOS E.S.E RIONEGRO - ANTIOQUIA|2026|1|ene|2026-01-01|Cápita|536439200
890907254|HOSPITAL SAN JUAN DE DIOS E.S.E RIONEGRO - ANTIOQUIA|2026|2|feb|2026-02-01|Cápita|558609162
890907254|HOSPITAL SAN JUAN DE DIOS E.S.E RIONEGRO - ANTIOQUIA|2026|3|mar|2026-03-01|Cápita|775321207
890907254|HOSPITAL SAN JUAN DE DIOS E.S.E RIONEGRO - ANTIOQUIA|2026|4|abr|2026-04-01|Cápita|565100198
890907254|HOSPITAL SAN JUAN DE DIOS E.S.E RIONEGRO - ANTIOQUIA|2026|5|may|2026-05-01|Cápita|544428792
890907254|HOSPITAL SAN JUAN DE DIOS E.S.E RIONEGRO - ANTIOQUIA|2026|6|jun|2026-06-01|Cápita|711703610
890907254|HOSPITAL SAN JUAN DE DIOS E.S.E RIONEGRO - ANTIOQUIA|2026|7|jul|2026-07-01|Cápita|596147459
890907254|HOSPITAL SAN JUAN DE DIOS E.S.E RIONEGRO - ANTIOQUIA|2026|8|ago|2026-08-01|Cápita|604651440
890907254|HOSPITAL SAN JUAN DE DIOS E.S.E RIONEGRO - ANTIOQUIA|2026|9|sep|2026-09-01|Cápita|602659580
890907254|HOSPITAL SAN JUAN DE DIOS E.S.E RIONEGRO - ANTIOQUIA|2026|1|ene|2026-01-01|Evento|3543505400
890907254|HOSPITAL SAN JUAN DE DIOS E.S.E RIONEGRO - ANTIOQUIA|2026|2|feb|2026-02-01|Evento|4207272603
890907254|HOSPITAL SAN JUAN DE DIOS E.S.E RIONEGRO - ANTIOQUIA|2026|3|mar|2026-03-01|Evento|3924237224
890907254|HOSPITAL SAN JUAN DE DIOS E.S.E RIONEGRO - ANTIOQUIA|2026|4|abr|2026-04-01|Evento|3532517344
890907254|HOSPITAL SAN JUAN DE DIOS E.S.E RIONEGRO - ANTIOQUIA|2026|5|may|2026-05-01|Evento|3587994775
890907254|HOSPITAL SAN JUAN DE DIOS E.S.E RIONEGRO - ANTIOQUIA|2026|6|jun|2026-06-01|Evento|3698749751
890907254|HOSPITAL SAN JUAN DE DIOS E.S.E RIONEGRO - ANTIOQUIA|2026|7|jul|2026-07-01|Evento|3895106886
890907254|HOSPITAL SAN JUAN DE DIOS E.S.E RIONEGRO - ANTIOQUIA|2026|8|ago|2026-08-01|Evento|4100089626
890907254|HOSPITAL SAN JUAN DE DIOS E.S.E RIONEGRO - ANTIOQUIA|2026|9|sep|2026-09-01|Evento|4188824715
